Block 1,Block 2,Correlation
Block_0,Block_1,0.8789916518351337
Block_1,Block_2,0.8971492148035717
Block_1,Block_3,0.817010614651376
Block_2,Block_3,0.9220736582719669
Block_2,Block_4,0.8490030487386696
Block_3,Block_4,0.928486770075752
Block_3,Block_5,0.8780064933965479
Block_3,Block_6,0.8132876923624228
Block_4,Block_5,0.9615397844321202
Block_4,Block_6,0.8968819626070956
Block_5,Block_6,0.9342902923487952
Block_5,Block_7,0.8262849852865601
Block_6,Block_7,0.9272184692945791
Block_6,Block_8,0.8685270095031267
Block_7,Block_8,0.9652663580825039
Block_9,Block_10,0.9165950802357056
Block_9,Block_11,0.8528604569732678
Block_10,Block_11,0.9365661526962151
Block_10,Block_12,0.8757917750595723
Block_10,Block_13,0.814613715604882
Block_11,Block_12,0.9341863558202754
Block_11,Block_13,0.8753675986834242
Block_11,Block_14,0.8101329166709998
Block_12,Block_13,0.9360129662578679
Block_12,Block_14,0.8738330069348532
Block_12,Block_15,0.8066394856848144
Block_13,Block_14,0.9404898773084397
Block_13,Block_15,0.876545811146595
Block_13,Block_16,0.8128431896214614
Block_14,Block_15,0.9438635397649455
Block_14,Block_16,0.8827494868902166
Block_14,Block_17,0.8235434598623902
Block_15,Block_16,0.9334905628536314
Block_15,Block_17,0.8689010657594037
Block_16,Block_17,0.9338767236400725
Block_18,Block_19,0.8048081948957867
Block_19,Block_20,0.8158139285946289
Block_20,Block_21,0.8139351484640884
